{"feature_names": ["casos", "casos_lag1", "casos_lag2", "casos_lag4", "roll_mean4", "roll_mean8", "sin_semana", "cos_semana", "prec", "temp", "hum", "prec_lag4", "prec_lag8", "prec_roll4", "prec_roll8", "temp_lag4", "temp_lag8", "temp_roll4", "temp_roll8", "hum_lag4", "hum_lag8", "hum_roll4", "hum_roll8"], "min": [0.0, 0.0, 0.0, 0.0, 0.0, 0.0, -1.0, -1.0, 0.0, 3.9757142857142855, 28.895714285714288, 0.0, 0.0, 0.0, 0.0, 0.0, 0.0, 0.0, 0.0, 0.0, 0.0, 0.0, 0.0], "rng": [138.0, 138.0, 138.0, 138.0, 116.5, 103.0, 2.0, 2.0, 510.06, 29.212857142857143, 67.0042857142857, 510.06, 510.06, 210.07750000000001, 120.09875, 33.18857142857143, 33.18857142857143, 32.72821428571429, 32.46321428571429, 95.89999999999999, 95.89999999999999, 94.75178571428572, 93.89392857142857]}