{"feature_names": ["casos", "casos_lag1", "casos_lag2", "casos_lag4", "roll_mean4", "roll_mean8", "sin_semana", "cos_semana", "prec", "temp", "hum", "prec_lag4", "prec_lag8", "prec_roll4", "prec_roll8", "temp_lag4", "temp_lag8", "temp_roll4", "temp_roll8", "hum_lag4", "hum_lag8", "hum_roll4", "hum_roll8", "tasa"], "mean": [0.6251059611212483, 0.6262122670651283, 0.6268157066708812, 0.6280800563210299, 0.6271964483268918, 0.6285523914886281, 0.0006261675999872408, -0.002540461817887458, 9.088047441847099, 14.934894880410175, 70.25835482659322, 9.031010761339637, 9.002501257165846, 9.063160359286025, 9.0575115763594, 14.880058578797103, 14.822212570837445, 14.920971327382405, 14.920199095901058, 70.01581707569883, 69.78983678395424, 70.2021084227717, 70.21528143168733, 0.8340913413606114], "std": [3.9415173172421527, 3.945435195792084, 3.946551876276531, 3.9482399693319015, 3.739052131950671, 3.6705944602198453, 0.7079182937794447, 0.706299660921636, 15.120387912967423, 5.1628278075896885, 10.93746362338234, 15.057112174368221, 15.041300235669198, 11.540960694826977, 10.474928182157669, 5.22895696634744, 5.291953294074573, 5.1529504977504645, 5.141054668088905, 11.684880122981028, 12.37992511405555, 10.646656996120377, 10.408500757122503, 5.346758038038863]}