modelo,accuracy,precision,recall,f1,f2,especificidad,roc_auc,pr_auc,brier,umbral,tn,fp,fn,tp
arbol_sin_poda,0.9779183154324477,0.250996015936255,0.336,0.28734321550741165,0.3146853146853147,0.986537290987862,0.6606386193562247,0.09313200448629451,0.023550999622581864,1.0,27553,376,249,126
gradient_boosting,0.9799321650650085,0.33835845896147404,0.5386666666666666,0.4156378600823045,0.4816404387219838,0.9858569945218232,0.9424941339348586,0.5462440633619986,0.020081825939872358,0.5952655174288759,27534,395,173,202
red_neuronal,0.9849491237987563,0.43825665859564167,0.4826666666666667,0.4593908629441624,0.47307893361212755,0.9916932220988937,0.927774571234201,0.5088368741926977,0.021305054426193237,0.6033408608701494,27697,232,194,181
baseline_persistencia,0.9827586206896551,0.38204592901878914,0.488,0.42857142857142855,0.46235472460838806,0.9894016971606574,,,,,27633,296,192,183
