modelo,accuracy,precision,recall,f1,f2,especificidad,roc_auc,pr_auc,brier,umbral,train_acc,gap,tn,fp,fn,tp
arbol_sin_poda,0.9893058401639344,0.13450292397660818,0.5476190476190477,0.215962441314554,0.3392330383480826,0.9904969821497367,0.7683899294917659,0.07487306394971949,0.012985218361537303,1.0,0.9987601598016256,0.009454319637691166,15426,148,19,23
gradient_boosting,0.9983350409836066,0.6739130434782609,0.7380952380952381,0.7045454545454546,0.7242990654205608,0.9990368562989598,0.9952469622753429,0.7497066039976286,0.009020767834386264,0.7200075112214814,0.9162222265955563,-0.08211281438805029,15559,15,11,31
red_neuronal,0.9976306352459017,0.543859649122807,0.7380952380952381,0.6262626262626263,0.6888888888888889,0.998330550918197,0.9912751411081961,0.7376974948426193,0.011534702964127064,0.6360501050949097,0.8954795032767205,-0.10215113196918113,15548,26,11,31
baseline_persistencia,0.994813012295082,0.2903225806451613,0.6428571428571429,0.4,0.5172413793103449,0.9957621677154231,,,,,,,15508,66,15,27
