modelo,accuracy,precision,recall,f1,roc_auc,pr_auc,brier,train_acc,gap,tn,fp,fn,tp
arbol_sin_poda,0.9848232581967213,0.10204081632653061,0.5952380952380952,0.17421602787456447,0.7920847933368802,0.09127621723677051,0.014029134779068714,0.9986477725294063,0.013824514332684945,15354,220,17,25
arbol_poda8,0.9743212090163934,0.07159904534606205,0.7142857142857143,0.1301518438177874,0.870808031701187,0.624624489382564,0.014805119734078652,0.8733166620357506,-0.10100454698064276,15185,389,12,30
red_neuronal,0.9932120901639344,0.25757575757575757,0.8095238095238095,0.39080459770114945,0.9834690907311943,0.7449689902318832,0.012471212074160576,0.8660924330832639,-0.12711965708067052,15476,98,8,34
baseline_persistencia,0.994813012295082,0.2903225806451613,0.6428571428571429,0.4,,,,,,15508,66,15,27
