modelo,accuracy,precision,recall,f1,roc_auc,pr_auc,train_acc,gap,tn,fp,fn,tp
arbol_sin_poda,0.9839907786885246,0.08064516129032258,0.47619047619047616,0.13793103448275862,0.7318760816256643,0.055521365587963944,0.9986477725294063,0.014656993840881705,15346,228,22,20
arbol_poda8,0.9743852459016393,0.06763285024154589,0.6666666666666666,0.12280701754385964,0.8692310749906742,0.5979735138900664,0.8758729276650922,-0.09851231823654716,15188,386,14,28
red_neuronal,0.9937884221311475,0.2764227642276423,0.8095238095238095,0.4121212121212121,0.9855711900787025,0.7284246157905375,0.8693340742798925,-0.12445434785125498,15485,89,8,34
baseline_persistencia,0.994813012295082,0.2903225806451613,0.6428571428571429,0.4,,,,,15508,66,15,27
