modelo,accuracy,precision,recall,f1,f2,especificidad,roc_auc,pr_auc,brier,umbral,tn,fp,fn,tp
arbol_sin_poda,0.9779183154324477,0.250996015936255,0.336,0.28734321550741165,0.3146853146853147,0.986537290987862,0.6606386193562247,0.09313200448629451,0.023550999622581864,1.0,27553,376,249,126
arbol_poda8,0.9825819672131147,0.3646788990825688,0.424,0.3921085080147966,0.4106404958677686,0.9900819936266962,0.8110438612195209,0.4074853866964287,0.026546296431637688,0.7472709874082512,27652,277,216,159
random_forest,0.9860797060486151,0.47411444141689374,0.464,0.46900269541778977,0.4659882163899304,0.9930896201081313,0.9408025111294114,0.5060680928037207,0.009117594619123547,0.42201568478150125,27736,193,201,174
gradient_boosting,0.9803208027133974,0.3420138888888889,0.5253333333333333,0.41430073606729756,0.47447013487475914,0.9864298757563823,0.9359687779727165,0.5143211782280259,0.01774786836185787,0.5671516429959336,27550,379,178,197
red_neuronal,0.9849491237987563,0.43825665859564167,0.4826666666666667,0.4593908629441624,0.47307893361212755,0.9916932220988937,0.927774571234201,0.5088368741926977,0.021305054426193237,0.6033408608701494,27697,232,194,181
baseline_persistencia,0.9827586206896551,0.38204592901878914,0.488,0.42857142857142855,0.46235472460838806,0.9894016971606574,,,,,27633,296,192,183
